metric,faiss,rerank
Recall@1,0.112150,0.056075
Recall@3,0.345794,0.308411
Recall@5,0.411215,0.467290
Recall@10,0.728972,0.747664
Recall@50,0.943925,0.943925
MRR@TOP_K,0.285152,0.236434
