metric,faiss
Recall@1,0.427512
Recall@3,0.594036
Recall@5,0.649716
Recall@10,0.744010
Recall@50,0.951043
Recall@100,0.951043
Recall@1000,0.951043
MRR@TOP_K,0.538770
