metric,mean_chunks,mean_paragraphs,first_paragraph
Recall@1,0.427512,0.367178,0.367178
Recall@3,0.594036,0.612136,0.612136
Recall@5,0.649716,0.701603,0.701603
Recall@10,0.744010,0.825720,0.825720
Recall@50,0.951043,0.973108,0.973108
Recall@100,0.951043,0.973108,0.973108
Recall@1000,0.951043,0.973108,0.973108
MRR@TOP_K,0.538770,0.519692,0.519692
