metric,faiss,rerank
Recall@1,0.427512,0.913980
Recall@3,0.594036,0.948630
Recall@5,0.649716,0.950526
Recall@10,0.744010,0.950698
Recall@50,0.951043,0.951043
MRR@TOP_K,0.538770,0.931519
